,Feature,Shapiro-Wilk Stat,Shapiro-Wilk p-value,Anderson-Darling Stat,Anderson-Darling Critical (5%),D'Agostino-Pearson p-value,Normal (Shapiro α=0.05),Normal (Anderson)
0,Time_Hour,0.6980646252632141,2.3261352566361637e-10,9.095776767592213,0.746,9.422621981623895e-156,False,False
1,Temp_C,0.7853853702545166,2.003441323950028e-08,5.510909857246631,0.746,0.0117334453031235,False,False
2,Humidity_Pct,0.8168920874595642,1.3273408683289745e-07,4.718046266081458,0.746,2.2384574114851034e-16,False,False
3,Distance_m,0.8298853039741516,3.0673987794216373e-07,4.34586312488581,0.746,0.008905420489634048,False,False
4,E_ICNIRP,0.9664551615715027,0.07104205340147018,0.5092786833742196,0.746,0.07012527609726285,True,True
5,H_ICNIRP,0.9628357887268066,0.0454997755587101,0.5484651211131677,0.746,0.2158954346579174,False,True
