,Variable 1,Variable 2,Chi-square,p-value,DOF,Cramér's V,Significant
0,City,Profile_Type,0.38545368005148817,0.5346988741349821,1,0.07642124883504192,False
1,City,Circuit,66.0,4.658886145103395e-15,2,1.0,True
2,Profile_Type,Circuit,0.7903945072581853,0.6735471665215232,2,0.10943342429256588,False
